{
    "cube#1": {
        "original_depth": 38.497520661157026,
        "original_bbox": [
            202,
            120,
            110,
            110
        ],
        "revised_bbox": [
            2.857326864454081,
            2.857326864454081
        ],
        "revised_bbox_area": 0.442263049118546
    },
    "cube#2": {
        "original_depth": 48.87801652892562,
        "original_bbox": [
            202,
            230,
            110,
            110
        ],
        "revised_bbox": [
            2.2505004869602856,
            2.2505004869602856
        ],
        "revised_bbox_area": 0.27435888513175066
    },
    "vase": {
        "original_depth": 47.89475,
        "original_bbox": [
            62,
            190,
            80,
            150
        ],
        "revised_bbox": [
            3.131867271465035,
            1.6703292114480188
        ],
        "revised_bbox_area": 0.28337806574970337
    }
}