{
    "cube#1": {
        "original_depth": 99.39190082644627,
        "original_bbox": [
            202,
            120,
            110,
            110
        ],
        "revised_bbox": [
            1.1067300160812612,
            1.1067300160812612
        ],
        "revised_bbox_area": 0.4809462709547276
    },
    "cube#2": {
        "original_depth": 137.64479338842975,
        "original_bbox": [
            202,
            230,
            110,
            110
        ],
        "revised_bbox": [
            0.799158451926206,
            0.799158451926206
        ],
        "revised_bbox_area": 0.2507719621314178
    },
    "vase": {
        "original_depth": 132.52616666666665,
        "original_bbox": [
            62,
            190,
            80,
            150
        ],
        "revised_bbox": [
            1.1318519487346526,
            0.6036543726584813
        ],
        "revised_bbox_area": 0.2682817669138546
    }
}