{
    "cube#1": {
        "original_depth": 116.85264462809917,
        "original_bbox": [
            202,
            120,
            110,
            110
        ],
        "revised_bbox": [
            0.9413565294143857,
            0.9413565294143857
        ],
        "revised_bbox_area": 0.39472532195772875
    },
    "cube#2": {
        "original_depth": 130.51396694214876,
        "original_bbox": [
            202,
            230,
            110,
            110
        ],
        "revised_bbox": [
            0.8428216732448128,
            0.8428216732448128
        ],
        "revised_bbox_area": 0.3164157544696032
    },
    "vase": {
        "original_depth": 136.032,
        "original_bbox": [
            62,
            190,
            80,
            150
        ],
        "revised_bbox": [
            1.102681721947777,
            0.5880969183721477
        ],
        "revised_bbox_area": 0.28885892357266796
    }
}