{
    "cube#1": {
        "original_depth": 178.74471074380165,
        "original_bbox": [
            202,
            120,
            110,
            110
        ],
        "revised_bbox": [
            0.6154028253046614,
            0.6154028253046614
        ],
        "revised_bbox_area": 0.37798726204692484
    },
    "cube#2": {
        "original_depth": 187.96520661157024,
        "original_bbox": [
            202,
            230,
            110,
            110
        ],
        "revised_bbox": [
            0.5852146893723518,
            0.5852146893723518
        ],
        "revised_bbox_area": 0.3418130429578722
    },
    "vase": {
        "original_depth": 206.74541666666667,
        "original_bbox": [
            62,
            190,
            80,
            150
        ],
        "revised_bbox": [
            0.7255299895805832,
            0.386949327776311
        ],
        "revised_bbox_area": 0.28019969499520303
    }
}