{
    "cube#1": {
        "original_depth": 56.52867768595041,
        "original_bbox": [
            202,
            120,
            110,
            110
        ],
        "revised_bbox": [
            1.9459149674633076,
            1.9459149674633076
        ],
        "revised_bbox_area": 0.4102915451769717
    },
    "cube#2": {
        "original_depth": 75.56719008264463,
        "original_bbox": [
            202,
            230,
            110,
            110
        ],
        "revised_bbox": [
            1.4556582013926636,
            1.4556582013926636
        ],
        "revised_bbox_area": 0.22959565961489078
    },
    "vase": {
        "original_depth": 60.08883333333333,
        "original_bbox": [
            62,
            190,
            80,
            150
        ],
        "revised_bbox": [
            2.4963040831213785,
            1.3313621776647353
        ],
        "revised_bbox_area": 0.3601127952081376
    }
}