{
    "table": {
        "original_depth": 141.94991815308197,
        "original_bbox": [
            65,
            243,
            344,
            206
        ],
        "revised_bbox": [
            1.4512160533819047,
            2.4233899143853166
        ],
        "revised_bbox_area": 1.0
    }
}