{
    "table": {
        "original_depth": 95.67622488146309,
        "original_bbox": [
            65,
            243,
            344,
            206
        ],
        "revised_bbox": [
            2.1530949852507373,
            3.595459587020649
        ],
        "revised_bbox_area": 1.0
    }
}