{
    "table": {
        "original_depth": 127.47084556333257,
        "original_bbox": [
            65,
            243,
            344,
            206
        ],
        "revised_bbox": [
            1.616055805463776,
            2.698656296502616
        ],
        "revised_bbox_area": 1.0
    }
}