{
    "deer": {
        "original_depth": 67.45578421113824,
        "original_bbox": [
            74,
            177,
            183,
            235
        ],
        "revised_bbox": [
            3.4837635163271443,
            2.712888185054755
        ],
        "revised_bbox_area": 0.6935581337549092
    },
    "bear": {
        "original_depth": 98.87463256907701,
        "original_bbox": [
            314,
            193,
            189,
            216
        ],
        "revised_bbox": [
            2.1845846036302126,
            1.9115115281764359
        ],
        "revised_bbox_area": 0.3064418662450909
    }
}