{
    "deer": {
        "original_depth": 53.82646203929776,
        "original_bbox": [
            74,
            177,
            183,
            235
        ],
        "revised_bbox": [
            4.365882339218777,
            3.3998147577746223
        ],
        "revised_bbox_area": 0.6846266145680435
    },
    "bear": {
        "original_depth": 77.26957182049775,
        "original_bbox": [
            314,
            193,
            189,
            216
        ],
        "revised_bbox": [
            2.7954082688821167,
            2.445982235271852
        ],
        "revised_bbox_area": 0.3153733854319565
    }
}