{
    "deer": {
        "original_depth": 51.79913963492617,
        "original_bbox": [
            74,
            177,
            183,
            235
        ],
        "revised_bbox": [
            4.536754889294503,
            3.5328772116633793
        ],
        "revised_bbox_area": 0.6870633737889694
    },
    "bear": {
        "original_depth": 74.78096217911033,
        "original_bbox": [
            314,
            193,
            189,
            216
        ],
        "revised_bbox": [
            2.888435688787359,
            2.5273812276889394
        ],
        "revised_bbox_area": 0.31293662621103063
    }
}