{
    "deer": {
        "original_depth": 75.75712126496919,
        "original_bbox": [
            74,
            177,
            183,
            235
        ],
        "revised_bbox": [
            3.1020186099477125,
            2.4156144920018354
        ],
        "revised_bbox_area": 0.601205808068764
    },
    "bear": {
        "original_depth": 90.62727807172251,
        "original_bbox": [
            314,
            193,
            189,
            216
        ],
        "revised_bbox": [
            2.38338836381092,
            2.085464818334555
        ],
        "revised_bbox_area": 0.39879419193123605
    }
}