{
    "deer": {
        "original_depth": 36.82471805604,
        "original_bbox": [
            74,
            177,
            183,
            235
        ],
        "revised_bbox": [
            6.381583143213102,
            4.969488149821267
        ],
        "revised_bbox_area": 0.7558361065448477
    },
    "bear": {
        "original_depth": 63.12637174211248,
        "original_bbox": [
            314,
            193,
            189,
            216
        ],
        "revised_bbox": [
            3.421707822562902,
            2.9939943447425392
        ],
        "revised_bbox_area": 0.2441638934551524
    }
}